tag,cve,severity,feed,feed_group,package,package_path,package_type,package_version,fix,url,inherited,description,nvd_cvss_v2_vector,nvd_cvss_v3_vector,vendor_cvss_v2_vector,vendor_cvss_v3_vector,Justification
registry1.dsop.io/ironbank-staging/redhat/ubi/ubi8:198768,CVE-2020-8927,Medium,vulnerabilities,rhel:8,brotli-1.0.6-2.el8,pkgdb,rpm,1.0.6-2.el8,None,https://access.redhat.com/security/cve/CVE-2020-8927,no_data,"A buffer overflow exists in the Brotli library versions prior to 1.0.8 where an attacker controlling the input length of a ""one-shot"" decompression request to a script can trigger a crash, which happens when copying over chunks of data larger than 2 GiB. It is recommended to update your Brotli library to 1.0.8 or later. If one cannot update, we recommend to use the ""streaming"" API as opposed to the ""one-shot"" API, and impose chunk size limits.",AV:N/AC:L/Au:N/C:N/I:P/A:P,CVSS:3.1/AV:N/AC:L/PR:N/UI:N/S:U/C:N/I:L/A:L,,,Patched upstream in version 1.0.9 on 8/27/2020. Red Hat has not patched. This flaw can be mitigated by using the Streaming API instead of the One-Shot API and imposing chunk size limitations.
registry1.dsop.io/ironbank-staging/redhat/ubi/ubi8:198768,CVE-2020-8231,Low,vulnerabilities,rhel:8,curl-7.61.1-14.el8_3.1,pkgdb,rpm,7.61.1-14.el8_3.1,None,https://access.redhat.com/security/cve/CVE-2020-8231,no_data,"Due to use of a dangling pointer, libcurl 7.29.0 through 7.71.1 can use the wrong connection when sending data.",AV:N/AC:L/Au:N/C:P/I:N/A:N,CVSS:3.1/AV:N/AC:L/PR:N/UI:N/S:U/C:H/I:N/A:N,,,Published 2020-08-18. Fix available upstream in Fedora 32 (2020-08-21). Red Hat has not patched.
registry1.dsop.io/ironbank-staging/redhat/ubi/ubi8:198768,CVE-2020-8284,Medium,vulnerabilities,rhel:8,curl-7.61.1-14.el8_3.1,pkgdb,rpm,7.61.1-14.el8_3.1,None,https://access.redhat.com/security/cve/CVE-2020-8284,no_data,"A malicious server can use the FTP PASV response to trick curl 7.73.0 and earlier into connecting back to a given IP address and port, and this way potentially make curl extract information about services that are otherwise private and not disclosed, for example doing port scanning and service banner extractions.",AV:N/AC:M/Au:N/C:P/I:N/A:N,CVSS:3.1/AV:N/AC:H/PR:N/UI:N/S:U/C:L/I:N/A:N,,,Upstream patched in version 7.74.0 on 12/9/2020. Redhat has not patched.
registry1.dsop.io/ironbank-staging/redhat/ubi/ubi8:198768,CVE-2020-8285,Medium,vulnerabilities,rhel:8,curl-7.61.1-14.el8_3.1,pkgdb,rpm,7.61.1-14.el8_3.1,None,https://access.redhat.com/security/cve/CVE-2020-8285,no_data,curl 7.21.0 to and including 7.73.0 is vulnerable to uncontrolled recursion due to a stack overflow issue in FTP wildcard match parsing.,AV:N/AC:L/Au:N/C:N/I:N/A:P,CVSS:3.1/AV:N/AC:L/PR:N/UI:N/S:U/C:N/I:N/A:H,,,Upstream patched in version 7.74.0 on 12/9/2020. Redhat has not patched.
registry1.dsop.io/ironbank-staging/redhat/ubi/ubi8:198768,CVE-2020-8286,Medium,vulnerabilities,rhel:8,curl-7.61.1-14.el8_3.1,pkgdb,rpm,7.61.1-14.el8_3.1,None,https://access.redhat.com/security/cve/CVE-2020-8286,no_data,curl 7.41.0 through 7.73.0 is vulnerable to an improper check for certificate revocation due to insufficient verification of the OCSP response.,AV:N/AC:L/Au:N/C:N/I:P/A:N,CVSS:3.1/AV:N/AC:L/PR:N/UI:N/S:U/C:N/I:H/A:N,,,Upstream patched in version 7.74.0 on 12/9/2020. Redhat has not patched.
registry1.dsop.io/ironbank-staging/redhat/ubi/ubi8:198768,CVE-2020-35512,Low,vulnerabilities,rhel:8,dbus-1.12.8-12.el8_3,pkgdb,rpm,1.12.8-12.el8_3,None,https://access.redhat.com/security/cve/CVE-2020-35512,no_data,"A use-after-free flaw was found in D-Bus Development branch <= 1.13.16, dbus-1.12.x stable branch <= 1.12.18, and dbus-1.10.x and older branches <= 1.10.30 when a system has multiple usernames sharing the same UID. When a set of policy rules references these usernames, D-Bus may free some memory in the heap, which is still used by data structures necessary for the other usernames sharing the UID, possibly leading to a crash or other undefined behaviors",AV:L/AC:L/Au:N/C:C/I:C/A:C,CVSS:3.1/AV:L/AC:L/PR:L/UI:N/S:U/C:H/I:H/A:H,,,Patched upstream in version 1.12.20 on 7/2/2020. RH has not patched.
registry1.dsop.io/ironbank-staging/redhat/ubi/ubi8:198768,CVE-2020-35512,Low,vulnerabilities,rhel:8,dbus-common-1.12.8-12.el8_3,pkgdb,rpm,1.12.8-12.el8_3,None,https://access.redhat.com/security/cve/CVE-2020-35512,no_data,"A use-after-free flaw was found in D-Bus Development branch <= 1.13.16, dbus-1.12.x stable branch <= 1.12.18, and dbus-1.10.x and older branches <= 1.10.30 when a system has multiple usernames sharing the same UID. When a set of policy rules references these usernames, D-Bus may free some memory in the heap, which is still used by data structures necessary for the other usernames sharing the UID, possibly leading to a crash or other undefined behaviors",AV:L/AC:L/Au:N/C:C/I:C/A:C,CVSS:3.1/AV:L/AC:L/PR:L/UI:N/S:U/C:H/I:H/A:H,,,Patched upstream in version 1.12.20 on 7/2/2020. RH has not patched.
registry1.dsop.io/ironbank-staging/redhat/ubi/ubi8:198768,CVE-2020-35512,Low,vulnerabilities,rhel:8,dbus-daemon-1.12.8-12.el8_3,pkgdb,rpm,1.12.8-12.el8_3,None,https://access.redhat.com/security/cve/CVE-2020-35512,no_data,"A use-after-free flaw was found in D-Bus Development branch <= 1.13.16, dbus-1.12.x stable branch <= 1.12.18, and dbus-1.10.x and older branches <= 1.10.30 when a system has multiple usernames sharing the same UID. When a set of policy rules references these usernames, D-Bus may free some memory in the heap, which is still used by data structures necessary for the other usernames sharing the UID, possibly leading to a crash or other undefined behaviors",AV:L/AC:L/Au:N/C:C/I:C/A:C,CVSS:3.1/AV:L/AC:L/PR:L/UI:N/S:U/C:H/I:H/A:H,,,Patched upstream in version 1.12.20 on 7/2/2020. RH has not patched.
registry1.dsop.io/ironbank-staging/redhat/ubi/ubi8:198768,CVE-2020-35512,Low,vulnerabilities,rhel:8,dbus-libs-1.12.8-12.el8_3,pkgdb,rpm,1.12.8-12.el8_3,None,https://access.redhat.com/security/cve/CVE-2020-35512,no_data,"A use-after-free flaw was found in D-Bus Development branch <= 1.13.16, dbus-1.12.x stable branch <= 1.12.18, and dbus-1.10.x and older branches <= 1.10.30 when a system has multiple usernames sharing the same UID. When a set of policy rules references these usernames, D-Bus may free some memory in the heap, which is still used by data structures necessary for the other usernames sharing the UID, possibly leading to a crash or other undefined behaviors",AV:L/AC:L/Au:N/C:C/I:C/A:C,CVSS:3.1/AV:L/AC:L/PR:L/UI:N/S:U/C:H/I:H/A:H,,,Patched upstream in version 1.12.20 on 7/2/2020. RH has not patched.
registry1.dsop.io/ironbank-staging/redhat/ubi/ubi8:198768,CVE-2020-35512,Low,vulnerabilities,rhel:8,dbus-tools-1.12.8-12.el8_3,pkgdb,rpm,1.12.8-12.el8_3,None,https://access.redhat.com/security/cve/CVE-2020-35512,no_data,"A use-after-free flaw was found in D-Bus Development branch <= 1.13.16, dbus-1.12.x stable branch <= 1.12.18, and dbus-1.10.x and older branches <= 1.10.30 when a system has multiple usernames sharing the same UID. When a set of policy rules references these usernames, D-Bus may free some memory in the heap, which is still used by data structures necessary for the other usernames sharing the UID, possibly leading to a crash or other undefined behaviors",AV:L/AC:L/Au:N/C:C/I:C/A:C,CVSS:3.1/AV:L/AC:L/PR:L/UI:N/S:U/C:H/I:H/A:H,,,Patched upstream in version 1.12.20 on 7/2/2020. RH has not patched.
registry1.dsop.io/ironbank-staging/redhat/ubi/ubi8:198768,CVE-2021-27218,Medium,vulnerabilities,rhel:8,glib2-2.56.4-8.el8,pkgdb,rpm,2.56.4-8.el8,None,https://access.redhat.com/security/cve/CVE-2021-27218,no_data,"An issue was discovered in GNOME GLib before 2.66.7 and 2.67.x before 2.67.4. If g_byte_array_new_take() was called with a buffer of 4GB or more on a 64-bit platform, the length would be truncated modulo 2**32, causing unintended length truncation.",AV:N/AC:L/Au:N/C:N/I:N/A:P,CVSS:3.1/AV:N/AC:L/PR:N/UI:N/S:U/C:N/I:N/A:H,,,Patched upstream in version 2.66.7 on 2/11/2021. RH has not patched.
registry1.dsop.io/ironbank-staging/redhat/ubi/ubi8:198768,CVE-2021-27219,Medium,vulnerabilities,rhel:8,glib2-2.56.4-8.el8,pkgdb,rpm,2.56.4-8.el8,None,https://access.redhat.com/security/cve/CVE-2021-27219,no_data,An issue was discovered in GNOME GLib before 2.66.6 and 2.67.x before 2.67.3. The function g_bytes_new has an integer overflow on 64-bit platforms due to an implicit cast from 64 bits to 32 bits. The overflow could potentially lead to memory corruption.,AV:N/AC:L/Au:N/C:N/I:N/A:P,CVSS:3.1/AV:N/AC:L/PR:N/UI:N/S:U/C:N/I:N/A:H,,,Patched upstream in version 2.66.7 on 2/11/2021. RH has not patched.
registry1.dsop.io/ironbank-staging/redhat/ubi/ubi8:198768,CVE-2021-28153,Low,vulnerabilities,rhel:8,glib2-2.56.4-8.el8,pkgdb,rpm,2.56.4-8.el8,None,https://access.redhat.com/security/cve/CVE-2021-28153,no_data,"An issue was discovered in GNOME GLib before 2.66.8. When g_file_replace() is used with G_FILE_CREATE_REPLACE_DESTINATION to replace a path that is a dangling symlink, it incorrectly also creates the target of the symlink as an empty file, which could conceivably have security relevance if the symlink is attacker-controlled. (If the path is a symlink to a file that already exists, then the contents of that file correctly remain unchanged.)",,,,,Patched upstream in version 2.66.7 on 2/11/2021. RH has not patched.
registry1.dsop.io/ironbank-staging/redhat/ubi/ubi8:198768,CVE-2019-25013,High,vulnerabilities,rhel:8,glibc-2.28-127.el8_3.2,pkgdb,rpm,2.28-127.el8_3.2,None,https://access.redhat.com/security/cve/CVE-2019-25013,no_data,"The iconv feature in the GNU C Library (aka glibc or libc6) through 2.32, when processing invalid multi-byte input sequences in the EUC-KR encoding, may have a buffer over-read.",AV:N/AC:M/Au:N/C:N/I:N/A:C,CVSS:3.1/AV:N/AC:H/PR:N/UI:N/S:U/C:N/I:N/A:H,,,Upstream patched in version 2.33 on 12/21/2020. RH has not patched.
registry1.dsop.io/ironbank-staging/redhat/ubi/ubi8:198768,CVE-2020-27618,Low,vulnerabilities,rhel:8,glibc-2.28-127.el8_3.2,pkgdb,rpm,2.28-127.el8_3.2,None,https://access.redhat.com/security/cve/CVE-2020-27618,no_data,"The iconv function in the GNU C Library (aka glibc or libc6) 2.32 and earlier, when processing invalid multi-byte input sequences in IBM1364, IBM1371, IBM1388, IBM1390, and IBM1399 encodings, fails to advance the input state, which could lead to an infinite loop in applications, resulting in a denial of service, a different vulnerability from CVE-2016-10228.",AV:L/AC:L/Au:N/C:N/I:N/A:P,CVSS:3.1/AV:L/AC:L/PR:L/UI:N/S:U/C:N/I:N/A:H,,,No upstream fix is available.
registry1.dsop.io/ironbank-staging/redhat/ubi/ubi8:198768,CVE-2021-27645,Low,vulnerabilities,rhel:8,glibc-2.28-127.el8_3.2,pkgdb,rpm,2.28-127.el8_3.2,None,https://access.redhat.com/security/cve/CVE-2021-27645,no_data,"The nameserver caching daemon (nscd) in the GNU C Library (aka glibc or libc6) 2.29 through 2.33, when processing a request for netgroup lookup, may crash due to a double-free, potentially resulting in degraded service or Denial of Service on the local system. This is related to netgroupcache.c.",AV:L/AC:M/Au:N/C:N/I:N/A:P,CVSS:3.1/AV:L/AC:H/PR:L/UI:N/S:U/C:N/I:N/A:L,,,Upstream has not patched.
registry1.dsop.io/ironbank-staging/redhat/ubi/ubi8:198768,CVE-2021-3326,Medium,vulnerabilities,rhel:8,glibc-2.28-127.el8_3.2,pkgdb,rpm,2.28-127.el8_3.2,None,https://access.redhat.com/security/cve/CVE-2021-3326,no_data,"The iconv function in the GNU C Library (aka glibc or libc6) 2.32 and earlier, when processing invalid input sequences in the ISO-2022-JP-3 encoding, fails an assertion in the code path and aborts the program, potentially resulting in a denial of service.",AV:N/AC:L/Au:N/C:N/I:N/A:P,CVSS:3.1/AV:N/AC:L/PR:N/UI:N/S:U/C:N/I:N/A:H,,,Patched upstream in version 2.33 on 2/1/2021. RH has not patched.
registry1.dsop.io/ironbank-staging/redhat/ubi/ubi8:198768,CVE-2019-25013,High,vulnerabilities,rhel:8,glibc-common-2.28-127.el8_3.2,pkgdb,rpm,2.28-127.el8_3.2,None,https://access.redhat.com/security/cve/CVE-2019-25013,no_data,"The iconv feature in the GNU C Library (aka glibc or libc6) through 2.32, when processing invalid multi-byte input sequences in the EUC-KR encoding, may have a buffer over-read.",AV:N/AC:M/Au:N/C:N/I:N/A:C,CVSS:3.1/AV:N/AC:H/PR:N/UI:N/S:U/C:N/I:N/A:H,,,Upstream patched in version 2.33 on 12/21/2020. RH has not patched.
registry1.dsop.io/ironbank-staging/redhat/ubi/ubi8:198768,CVE-2020-27618,Low,vulnerabilities,rhel:8,glibc-common-2.28-127.el8_3.2,pkgdb,rpm,2.28-127.el8_3.2,None,https://access.redhat.com/security/cve/CVE-2020-27618,no_data,"The iconv function in the GNU C Library (aka glibc or libc6) 2.32 and earlier, when processing invalid multi-byte input sequences in IBM1364, IBM1371, IBM1388, IBM1390, and IBM1399 encodings, fails to advance the input state, which could lead to an infinite loop in applications, resulting in a denial of service, a different vulnerability from CVE-2016-10228.",AV:L/AC:L/Au:N/C:N/I:N/A:P,CVSS:3.1/AV:L/AC:L/PR:L/UI:N/S:U/C:N/I:N/A:H,,,No upstream fix is available.
registry1.dsop.io/ironbank-staging/redhat/ubi/ubi8:198768,CVE-2021-27645,Low,vulnerabilities,rhel:8,glibc-common-2.28-127.el8_3.2,pkgdb,rpm,2.28-127.el8_3.2,None,https://access.redhat.com/security/cve/CVE-2021-27645,no_data,"The nameserver caching daemon (nscd) in the GNU C Library (aka glibc or libc6) 2.29 through 2.33, when processing a request for netgroup lookup, may crash due to a double-free, potentially resulting in degraded service or Denial of Service on the local system. This is related to netgroupcache.c.",AV:L/AC:M/Au:N/C:N/I:N/A:P,CVSS:3.1/AV:L/AC:H/PR:L/UI:N/S:U/C:N/I:N/A:L,,,Upstream has not patched.
registry1.dsop.io/ironbank-staging/redhat/ubi/ubi8:198768,CVE-2021-3326,Medium,vulnerabilities,rhel:8,glibc-common-2.28-127.el8_3.2,pkgdb,rpm,2.28-127.el8_3.2,None,https://access.redhat.com/security/cve/CVE-2021-3326,no_data,"The iconv function in the GNU C Library (aka glibc or libc6) 2.32 and earlier, when processing invalid input sequences in the ISO-2022-JP-3 encoding, fails an assertion in the code path and aborts the program, potentially resulting in a denial of service.",AV:N/AC:L/Au:N/C:N/I:N/A:P,CVSS:3.1/AV:N/AC:L/PR:N/UI:N/S:U/C:N/I:N/A:H,,,Patched upstream in version 2.33 on 2/1/2021. RH has not patched.
registry1.dsop.io/ironbank-staging/redhat/ubi/ubi8:198768,CVE-2019-25013,High,vulnerabilities,rhel:8,glibc-minimal-langpack-2.28-127.el8_3.2,pkgdb,rpm,2.28-127.el8_3.2,None,https://access.redhat.com/security/cve/CVE-2019-25013,no_data,"The iconv feature in the GNU C Library (aka glibc or libc6) through 2.32, when processing invalid multi-byte input sequences in the EUC-KR encoding, may have a buffer over-read.",AV:N/AC:M/Au:N/C:N/I:N/A:C,CVSS:3.1/AV:N/AC:H/PR:N/UI:N/S:U/C:N/I:N/A:H,,,Upstream patched in version 2.33 on 12/21/2020. RH has not patched.
registry1.dsop.io/ironbank-staging/redhat/ubi/ubi8:198768,CVE-2020-27618,Low,vulnerabilities,rhel:8,glibc-minimal-langpack-2.28-127.el8_3.2,pkgdb,rpm,2.28-127.el8_3.2,None,https://access.redhat.com/security/cve/CVE-2020-27618,no_data,"The iconv function in the GNU C Library (aka glibc or libc6) 2.32 and earlier, when processing invalid multi-byte input sequences in IBM1364, IBM1371, IBM1388, IBM1390, and IBM1399 encodings, fails to advance the input state, which could lead to an infinite loop in applications, resulting in a denial of service, a different vulnerability from CVE-2016-10228.",AV:L/AC:L/Au:N/C:N/I:N/A:P,CVSS:3.1/AV:L/AC:L/PR:L/UI:N/S:U/C:N/I:N/A:H,,,No upstream fix is available.
registry1.dsop.io/ironbank-staging/redhat/ubi/ubi8:198768,CVE-2021-27645,Low,vulnerabilities,rhel:8,glibc-minimal-langpack-2.28-127.el8_3.2,pkgdb,rpm,2.28-127.el8_3.2,None,https://access.redhat.com/security/cve/CVE-2021-27645,no_data,"The nameserver caching daemon (nscd) in the GNU C Library (aka glibc or libc6) 2.29 through 2.33, when processing a request for netgroup lookup, may crash due to a double-free, potentially resulting in degraded service or Denial of Service on the local system. This is related to netgroupcache.c.",AV:L/AC:M/Au:N/C:N/I:N/A:P,CVSS:3.1/AV:L/AC:H/PR:L/UI:N/S:U/C:N/I:N/A:L,,,Upstream has not patched.
registry1.dsop.io/ironbank-staging/redhat/ubi/ubi8:198768,CVE-2021-3326,Medium,vulnerabilities,rhel:8,glibc-minimal-langpack-2.28-127.el8_3.2,pkgdb,rpm,2.28-127.el8_3.2,None,https://access.redhat.com/security/cve/CVE-2021-3326,no_data,"The iconv function in the GNU C Library (aka glibc or libc6) 2.32 and earlier, when processing invalid input sequences in the ISO-2022-JP-3 encoding, fails an assertion in the code path and aborts the program, potentially resulting in a denial of service.",AV:N/AC:L/Au:N/C:N/I:N/A:P,CVSS:3.1/AV:N/AC:L/PR:N/UI:N/S:U/C:N/I:N/A:H,,,Patched upstream in version 2.33 on 2/1/2021. RH has not patched.
registry1.dsop.io/ironbank-staging/redhat/ubi/ubi8:198768,CVE-2021-20231,Medium,vulnerabilities,rhel:8,gnutls-3.6.14-7.el8_3,pkgdb,rpm,3.6.14-7.el8_3,None,https://access.redhat.com/security/cve/CVE-2021-20231,no_data,A flaw was found in gnutls. A use after free issue in client sending key_share extension may lead to memory corruption and other consequences.,AV:N/AC:L/Au:N/C:P/I:P/A:P,CVSS:3.1/AV:N/AC:L/PR:N/UI:N/S:U/C:H/I:H/A:H,,,Patched upstream in version 3.7.1 on 3/10/2021. RH has not patched.
registry1.dsop.io/ironbank-staging/redhat/ubi/ubi8:198768,CVE-2021-20232,Medium,vulnerabilities,rhel:8,gnutls-3.6.14-7.el8_3,pkgdb,rpm,3.6.14-7.el8_3,None,https://access.redhat.com/security/cve/CVE-2021-20232,no_data,A flaw was found in gnutls. A use after free issue in client_send_params in lib/ext/pre_shared_key.c may lead to memory corruption and other potential consequences.,AV:N/AC:L/Au:N/C:P/I:P/A:P,CVSS:3.1/AV:N/AC:L/PR:N/UI:N/S:U/C:H/I:H/A:H,,,Patched upstream in version 3.7.1 on 3/10/2021. RH has not patched.
registry1.dsop.io/ironbank-staging/redhat/ubi/ubi8:198768,CVE-2020-28196,Medium,vulnerabilities,rhel:8,krb5-libs-1.18.2-5.el8,pkgdb,rpm,1.18.2-5.el8,None,https://access.redhat.com/security/cve/CVE-2020-28196,no_data,MIT Kerberos 5 (aka krb5) before 1.17.2 and 1.18.x before 1.18.3 allows unbounded recursion via an ASN.1-encoded Kerberos message because the lib/krb5/asn.1/asn1_encode.c support for BER indefinite lengths lacks a recursion limit.,AV:N/AC:L/Au:N/C:N/I:N/A:P,CVSS:3.1/AV:N/AC:L/PR:N/UI:N/S:U/C:N/I:N/A:H,,,Upstream patched in version 1.18.3 on 11/3/2020. Readhat has not patched.
registry1.dsop.io/ironbank-staging/redhat/ubi/ubi8:198768,CVE-2020-8231,Low,vulnerabilities,rhel:8,libcurl-7.61.1-14.el8_3.1,pkgdb,rpm,7.61.1-14.el8_3.1,None,https://access.redhat.com/security/cve/CVE-2020-8231,no_data,"Due to use of a dangling pointer, libcurl 7.29.0 through 7.71.1 can use the wrong connection when sending data.",AV:N/AC:L/Au:N/C:P/I:N/A:N,CVSS:3.1/AV:N/AC:L/PR:N/UI:N/S:U/C:H/I:N/A:N,,,Published 2020-08-18. Fix available upstream in Fedora 32 (2020-08-21). Red Hat has not patched.
registry1.dsop.io/ironbank-staging/redhat/ubi/ubi8:198768,CVE-2020-8284,Medium,vulnerabilities,rhel:8,libcurl-7.61.1-14.el8_3.1,pkgdb,rpm,7.61.1-14.el8_3.1,None,https://access.redhat.com/security/cve/CVE-2020-8284,no_data,"A malicious server can use the FTP PASV response to trick curl 7.73.0 and earlier into connecting back to a given IP address and port, and this way potentially make curl extract information about services that are otherwise private and not disclosed, for example doing port scanning and service banner extractions.",AV:N/AC:M/Au:N/C:P/I:N/A:N,CVSS:3.1/AV:N/AC:H/PR:N/UI:N/S:U/C:L/I:N/A:N,,,Upstream patched in version 7.74.0 on 12/9/2020. Redhat has not patched.
registry1.dsop.io/ironbank-staging/redhat/ubi/ubi8:198768,CVE-2020-8285,Medium,vulnerabilities,rhel:8,libcurl-7.61.1-14.el8_3.1,pkgdb,rpm,7.61.1-14.el8_3.1,None,https://access.redhat.com/security/cve/CVE-2020-8285,no_data,curl 7.21.0 to and including 7.73.0 is vulnerable to uncontrolled recursion due to a stack overflow issue in FTP wildcard match parsing.,AV:N/AC:L/Au:N/C:N/I:N/A:P,CVSS:3.1/AV:N/AC:L/PR:N/UI:N/S:U/C:N/I:N/A:H,,,Upstream patched in version 7.74.0 on 12/9/2020. Redhat has not patched.
registry1.dsop.io/ironbank-staging/redhat/ubi/ubi8:198768,CVE-2020-8286,Medium,vulnerabilities,rhel:8,libcurl-7.61.1-14.el8_3.1,pkgdb,rpm,7.61.1-14.el8_3.1,None,https://access.redhat.com/security/cve/CVE-2020-8286,no_data,curl 7.41.0 through 7.73.0 is vulnerable to an improper check for certificate revocation due to insufficient verification of the OCSP response.,AV:N/AC:L/Au:N/C:N/I:P/A:N,CVSS:3.1/AV:N/AC:L/PR:N/UI:N/S:U/C:N/I:H/A:N,,,Upstream patched in version 7.74.0 on 12/9/2020. Redhat has not patched.
registry1.dsop.io/ironbank-staging/redhat/ubi/ubi8:198768,CVE-2021-3445,Medium,vulnerabilities,rhel:8,libdnf-0.48.0-5.el8,pkgdb,rpm,0.48.0-5.el8,None,https://access.redhat.com/security/cve/CVE-2021-3445,no_data,none,,,,,Upstream has not patched.
registry1.dsop.io/ironbank-staging/redhat/ubi/ubi8:198768,CVE-2020-16135,Low,vulnerabilities,rhel:8,libssh-0.9.4-2.el8,pkgdb,rpm,0.9.4-2.el8,None,https://access.redhat.com/security/cve/CVE-2020-16135,no_data,libssh 0.9.4 has a NULL pointer dereference in tftpserver.c if ssh_buffer_new returns NULL.,AV:N/AC:M/Au:N/C:N/I:N/A:P,CVSS:3.1/AV:N/AC:H/PR:N/UI:N/S:U/C:N/I:N/A:H,,,Upstream has a patch but not released yet in June 2020. RH has no patch.
registry1.dsop.io/ironbank-staging/redhat/ubi/ubi8:198768,CVE-2020-16135,Low,vulnerabilities,rhel:8,libssh-config-0.9.4-2.el8,pkgdb,rpm,0.9.4-2.el8,None,https://access.redhat.com/security/cve/CVE-2020-16135,no_data,libssh 0.9.4 has a NULL pointer dereference in tftpserver.c if ssh_buffer_new returns NULL.,AV:N/AC:M/Au:N/C:N/I:N/A:P,CVSS:3.1/AV:N/AC:H/PR:N/UI:N/S:U/C:N/I:N/A:H,,,Upstream has a patch but not released yet in June 2020. RH has no patch.
registry1.dsop.io/ironbank-staging/redhat/ubi/ubi8:198768,CVE-2020-24977,Medium,vulnerabilities,rhel:8,libxml2-2.9.7-8.el8,pkgdb,rpm,2.9.7-8.el8,None,https://access.redhat.com/security/cve/CVE-2020-24977,no_data,GNOME project libxml2 v2.9.10 has a global buffer over-read vulnerability in xmlEncodeEntitiesInternal at libxml2/entities.c. The issue has been fixed in commit 50f06b3e.,AV:N/AC:L/Au:N/C:P/I:N/A:P,CVSS:3.1/AV:N/AC:L/PR:N/UI:N/S:U/C:L/I:N/A:L,,,There was a commit to fix issue on 8/3/2020 but not included in stable release yet. No patch available.
registry1.dsop.io/ironbank-staging/redhat/ubi/ubi8:198768,CVE-2020-24370,Low,vulnerabilities,rhel:8,lua-libs-5.3.4-11.el8,pkgdb,rpm,5.3.4-11.el8,None,https://access.redhat.com/security/cve/CVE-2020-24370,no_data,"ldebug.c in Lua 5.4.0 allows a negation overflow and segmentation fault in getlocal and setlocal, as demonstrated by getlocal(3,2^31).",AV:N/AC:L/Au:N/C:N/I:N/A:P,CVSS:3.1/AV:N/AC:L/PR:N/UI:N/S:U/C:N/I:N/A:L,,,Published 2020-07-23. Fix available upstream in lua master branch 2020-07-27. Red Hat has not patched.
registry1.dsop.io/ironbank-staging/redhat/ubi/ubi8:198768,CVE-2021-23840,Medium,vulnerabilities,rhel:8,openssl-libs-1.1.1g-12.el8_3,pkgdb,rpm,1.1.1g-12.el8_3,None,https://access.redhat.com/security/cve/CVE-2021-23840,no_data,"Calls to EVP_CipherUpdate, EVP_EncryptUpdate and EVP_DecryptUpdate may overflow the output length argument in some cases where the input length is close to the maximum permissable length for an integer on the platform. In such cases the return value from the function call will be 1 (indicating success), but the output length value will be negative. This could cause applications to behave incorrectly or crash. OpenSSL versions 1.1.1i and below are affected by this issue. Users of these versions should upgrade to OpenSSL 1.1.1j. OpenSSL versions 1.0.2x and below are affected by this issue. However OpenSSL 1.0.2 is out of support and no longer receiving public updates. Premium support customers of OpenSSL 1.0.2 should upgrade to 1.0.2y. Other users should upgrade to 1.1.1j. Fixed in OpenSSL 1.1.1j (Affected 1.1.1-1.1.1i). Fixed in OpenSSL 1.0.2y (Affected 1.0.2-1.0.2x).",AV:N/AC:L/Au:N/C:N/I:N/A:P,CVSS:3.1/AV:N/AC:L/PR:N/UI:N/S:U/C:N/I:N/A:H,,,Patched upstream in version 1.1.1j on 2/16/21. RH has not patched.
registry1.dsop.io/ironbank-staging/redhat/ubi/ubi8:198768,CVE-2021-23841,Medium,vulnerabilities,rhel:8,openssl-libs-1.1.1g-12.el8_3,pkgdb,rpm,1.1.1g-12.el8_3,None,https://access.redhat.com/security/cve/CVE-2021-23841,no_data,The OpenSSL public API function X509_issuer_and_serial_hash() attempts to create a unique hash value based on the issuer and serial number data contained within an X509 certificate. However it fails to correctly handle any errors that may occur while parsing the issuer field (which might occur if the issuer field is maliciously constructed). This may subsequently result in a NULL pointer deref and a crash leading to a potential denial of service attack. The function X509_issuer_and_serial_hash() is never directly called by OpenSSL itself so applications are only vulnerable if they use this function directly and they use it on certificates that may have been obtained from untrusted sources. OpenSSL versions 1.1.1i and below are affected by this issue. Users of these versions should upgrade to OpenSSL 1.1.1j. OpenSSL versions 1.0.2x and below are affected by this issue. However OpenSSL 1.0.2 is out of support and no longer receiving public updates. Premium support customers of OpenSSL 1.0.2 should upgrade to 1.0.2y. Other users should upgrade to 1.1.1j. Fixed in OpenSSL 1.1.1j (Affected 1.1.1-1.1.1i). Fixed in OpenSSL 1.0.2y (Affected 1.0.2-1.0.2x).,AV:N/AC:M/Au:N/C:N/I:N/A:P,CVSS:3.1/AV:N/AC:H/PR:N/UI:N/S:U/C:N/I:N/A:H,,,Patched upstream in version 1.1.1j on 2/16/21. RH has not patched.
registry1.dsop.io/ironbank-staging/redhat/ubi/ubi8:198768,CVE-2020-29361,Medium,vulnerabilities,rhel:8,p11-kit-0.23.14-5.el8_0,pkgdb,rpm,0.23.14-5.el8_0,None,https://access.redhat.com/security/cve/CVE-2020-29361,no_data,"An issue was discovered in p11-kit 0.21.1 through 0.23.21. Multiple integer overflows have been discovered in the array allocations in the p11-kit library and the p11-kit list command, where overflow checks are missing before calling realloc or calloc.",AV:N/AC:L/Au:N/C:N/I:N/A:P,CVSS:3.1/AV:N/AC:L/PR:N/UI:N/S:U/C:N/I:N/A:H,,,Patched upstream in version 0.23.22 on 12/11/2020. RH has not patched.
registry1.dsop.io/ironbank-staging/redhat/ubi/ubi8:198768,CVE-2020-29362,Medium,vulnerabilities,rhel:8,p11-kit-0.23.14-5.el8_0,pkgdb,rpm,0.23.14-5.el8_0,None,https://access.redhat.com/security/cve/CVE-2020-29362,no_data,"An issue was discovered in p11-kit 0.21.1 through 0.23.21. A heap-based buffer over-read has been discovered in the RPC protocol used by thep11-kit server/remote commands and the client library. When the remote entity supplies a byte array through a serialized PKCS#11 function call, the receiving entity may allow the reading of up to 4 bytes of memory past the heap allocation.",AV:N/AC:L/Au:N/C:P/I:N/A:N,CVSS:3.1/AV:N/AC:L/PR:N/UI:N/S:U/C:L/I:N/A:N,,,Patched upstream in version 0.23.22 on 12/11/2020. RH has not patched.
registry1.dsop.io/ironbank-staging/redhat/ubi/ubi8:198768,CVE-2020-29363,Medium,vulnerabilities,rhel:8,p11-kit-0.23.14-5.el8_0,pkgdb,rpm,0.23.14-5.el8_0,None,https://access.redhat.com/security/cve/CVE-2020-29363,no_data,"An issue was discovered in p11-kit 0.23.6 through 0.23.21. A heap-based buffer overflow has been discovered in the RPC protocol used by p11-kit server/remote commands and the client library. When the remote entity supplies a serialized byte array in a CK_ATTRIBUTE, the receiving entity may not allocate sufficient length for the buffer to store the deserialized value.",AV:N/AC:L/Au:N/C:N/I:N/A:P,CVSS:3.1/AV:N/AC:L/PR:N/UI:N/S:U/C:N/I:N/A:H,,,Patched upstream in version 0.23.22 on 12/11/2020. RH has not patched.
registry1.dsop.io/ironbank-staging/redhat/ubi/ubi8:198768,CVE-2020-29361,Medium,vulnerabilities,rhel:8,p11-kit-trust-0.23.14-5.el8_0,pkgdb,rpm,0.23.14-5.el8_0,None,https://access.redhat.com/security/cve/CVE-2020-29361,no_data,"An issue was discovered in p11-kit 0.21.1 through 0.23.21. Multiple integer overflows have been discovered in the array allocations in the p11-kit library and the p11-kit list command, where overflow checks are missing before calling realloc or calloc.",AV:N/AC:L/Au:N/C:N/I:N/A:P,CVSS:3.1/AV:N/AC:L/PR:N/UI:N/S:U/C:N/I:N/A:H,,,Patched upstream in version 0.23.22 on 12/11/2020. RH has not patched.
registry1.dsop.io/ironbank-staging/redhat/ubi/ubi8:198768,CVE-2020-29362,Medium,vulnerabilities,rhel:8,p11-kit-trust-0.23.14-5.el8_0,pkgdb,rpm,0.23.14-5.el8_0,None,https://access.redhat.com/security/cve/CVE-2020-29362,no_data,"An issue was discovered in p11-kit 0.21.1 through 0.23.21. A heap-based buffer over-read has been discovered in the RPC protocol used by thep11-kit server/remote commands and the client library. When the remote entity supplies a byte array through a serialized PKCS#11 function call, the receiving entity may allow the reading of up to 4 bytes of memory past the heap allocation.",AV:N/AC:L/Au:N/C:P/I:N/A:N,CVSS:3.1/AV:N/AC:L/PR:N/UI:N/S:U/C:L/I:N/A:N,,,Patched upstream in version 0.23.22 on 12/11/2020. RH has not patched.
registry1.dsop.io/ironbank-staging/redhat/ubi/ubi8:198768,CVE-2020-29363,Medium,vulnerabilities,rhel:8,p11-kit-trust-0.23.14-5.el8_0,pkgdb,rpm,0.23.14-5.el8_0,None,https://access.redhat.com/security/cve/CVE-2020-29363,no_data,"An issue was discovered in p11-kit 0.23.6 through 0.23.21. A heap-based buffer overflow has been discovered in the RPC protocol used by p11-kit server/remote commands and the client library. When the remote entity supplies a serialized byte array in a CK_ATTRIBUTE, the receiving entity may not allocate sufficient length for the buffer to store the deserialized value.",AV:N/AC:L/Au:N/C:N/I:N/A:P,CVSS:3.1/AV:N/AC:L/PR:N/UI:N/S:U/C:N/I:N/A:H,,,Patched upstream in version 0.23.22 on 12/11/2020. RH has not patched.
registry1.dsop.io/ironbank-staging/redhat/ubi/ubi8:198768,CVE-2020-27619,Medium,vulnerabilities,rhel:8,platform-python-3.6.8-31.el8,pkgdb,rpm,3.6.8-31.el8,None,https://access.redhat.com/security/cve/CVE-2020-27619,no_data,"In Python 3 through 3.9.0, the Lib/test/multibytecodec_support.py CJK codec tests call eval() on content retrieved via HTTP.",AV:N/AC:L/Au:N/C:P/I:P/A:P,CVSS:3.1/AV:N/AC:L/PR:N/UI:N/S:U/C:H/I:H/A:H,,,Upstream patched on 10/19/2020. Redhat has not patched.
registry1.dsop.io/ironbank-staging/redhat/ubi/ubi8:198768,CVE-2021-23336,Medium,vulnerabilities,rhel:8,platform-python-3.6.8-31.el8,pkgdb,rpm,3.6.8-31.el8,None,https://access.redhat.com/security/cve/CVE-2021-23336,no_data,"The package python/cpython from 0 and before 3.6.13, from 3.7.0 and before 3.7.10, from 3.8.0 and before 3.8.8, from 3.9.0 and before 3.9.2 are vulnerable to Web Cache Poisoning via urllib.parse.parse_qsl and urllib.parse.parse_qs by using a vector called parameter cloaking. When the attacker can separate query parameters using a semicolon (;), they can cause a difference in the interpretation of the request between the proxy (running with default configuration) and the server. This can result in malicious requests being cached as completely safe ones, as the proxy would usually not see the semicolon as a separator, and therefore would not include it in a cache key of an unkeyed parameter.",AV:N/AC:H/Au:N/C:N/I:P/A:P,CVSS:3.1/AV:N/AC:H/PR:N/UI:R/S:U/C:N/I:L/A:H,,,Patched upstream in version 3.6.13 on 2/15/2021. RH has  not patched.
registry1.dsop.io/ironbank-staging/redhat/ubi/ubi8:198768,CVE-2021-3177,Medium,vulnerabilities,rhel:8,platform-python-3.6.8-31.el8,pkgdb,rpm,3.6.8-31.el8,None,https://access.redhat.com/security/cve/CVE-2021-3177,no_data,"Python 3.x through 3.9.1 has a buffer overflow in PyCArg_repr in _ctypes/callproc.c, which may lead to remote code execution in certain Python applications that accept floating-point numbers as untrusted input, as demonstrated by a 1e300 argument to c_double.from_param. This occurs because sprintf is used unsafely.",AV:N/AC:L/Au:N/C:P/I:P/A:P,CVSS:3.1/AV:N/AC:L/PR:N/UI:N/S:U/C:H/I:H/A:H,,,Patched upstream in version 3.6.13 on 2/15/2021. RH has  not patched.
registry1.dsop.io/ironbank-staging/redhat/ubi/ubi8:198768,CVE-2021-3426,Medium,vulnerabilities,rhel:8,platform-python-3.6.8-31.el8,pkgdb,rpm,3.6.8-31.el8,None,https://access.redhat.com/security/cve/CVE-2021-3426,no_data,none,,,,,No upstream fix is available.
registry1.dsop.io/ironbank-staging/redhat/ubi/ubi8:198768,CVE-2021-3445,Medium,vulnerabilities,rhel:8,python3-hawkey-0.48.0-5.el8,pkgdb,rpm,0.48.0-5.el8,None,https://access.redhat.com/security/cve/CVE-2021-3445,no_data,none,,,,,Upstream has not patched.
registry1.dsop.io/ironbank-staging/redhat/ubi/ubi8:198768,CVE-2021-3445,Medium,vulnerabilities,rhel:8,python3-libdnf-0.48.0-5.el8,pkgdb,rpm,0.48.0-5.el8,None,https://access.redhat.com/security/cve/CVE-2021-3445,no_data,none,,,,,Upstream has not patched.
registry1.dsop.io/ironbank-staging/redhat/ubi/ubi8:198768,CVE-2020-27619,Medium,vulnerabilities,rhel:8,python3-libs-3.6.8-31.el8,pkgdb,rpm,3.6.8-31.el8,None,https://access.redhat.com/security/cve/CVE-2020-27619,no_data,"In Python 3 through 3.9.0, the Lib/test/multibytecodec_support.py CJK codec tests call eval() on content retrieved via HTTP.",AV:N/AC:L/Au:N/C:P/I:P/A:P,CVSS:3.1/AV:N/AC:L/PR:N/UI:N/S:U/C:H/I:H/A:H,,,Upstream patched on 10/19/2020. Redhat has not patched.
registry1.dsop.io/ironbank-staging/redhat/ubi/ubi8:198768,CVE-2021-23336,Medium,vulnerabilities,rhel:8,python3-libs-3.6.8-31.el8,pkgdb,rpm,3.6.8-31.el8,None,https://access.redhat.com/security/cve/CVE-2021-23336,no_data,"The package python/cpython from 0 and before 3.6.13, from 3.7.0 and before 3.7.10, from 3.8.0 and before 3.8.8, from 3.9.0 and before 3.9.2 are vulnerable to Web Cache Poisoning via urllib.parse.parse_qsl and urllib.parse.parse_qs by using a vector called parameter cloaking. When the attacker can separate query parameters using a semicolon (;), they can cause a difference in the interpretation of the request between the proxy (running with default configuration) and the server. This can result in malicious requests being cached as completely safe ones, as the proxy would usually not see the semicolon as a separator, and therefore would not include it in a cache key of an unkeyed parameter.",AV:N/AC:H/Au:N/C:N/I:P/A:P,CVSS:3.1/AV:N/AC:H/PR:N/UI:R/S:U/C:N/I:L/A:H,,,Patched upstream in version 3.6.13 on 2/15/2021. RH has  not patched.
registry1.dsop.io/ironbank-staging/redhat/ubi/ubi8:198768,CVE-2021-3177,Medium,vulnerabilities,rhel:8,python3-libs-3.6.8-31.el8,pkgdb,rpm,3.6.8-31.el8,None,https://access.redhat.com/security/cve/CVE-2021-3177,no_data,"Python 3.x through 3.9.1 has a buffer overflow in PyCArg_repr in _ctypes/callproc.c, which may lead to remote code execution in certain Python applications that accept floating-point numbers as untrusted input, as demonstrated by a 1e300 argument to c_double.from_param. This occurs because sprintf is used unsafely.",AV:N/AC:L/Au:N/C:P/I:P/A:P,CVSS:3.1/AV:N/AC:L/PR:N/UI:N/S:U/C:H/I:H/A:H,,,Patched upstream in version 3.6.13 on 2/15/2021. RH has  not patched.
registry1.dsop.io/ironbank-staging/redhat/ubi/ubi8:198768,CVE-2021-3426,Medium,vulnerabilities,rhel:8,python3-libs-3.6.8-31.el8,pkgdb,rpm,3.6.8-31.el8,None,https://access.redhat.com/security/cve/CVE-2021-3426,no_data,none,,,,,No upstream fix is available.
registry1.dsop.io/ironbank-staging/redhat/ubi/ubi8:198768,CVE-2020-24977,Medium,vulnerabilities,rhel:8,python3-libxml2-2.9.7-8.el8,pkgdb,rpm,2.9.7-8.el8,None,https://access.redhat.com/security/cve/CVE-2020-24977,no_data,GNOME project libxml2 v2.9.10 has a global buffer over-read vulnerability in xmlEncodeEntitiesInternal at libxml2/entities.c. The issue has been fixed in commit 50f06b3e.,AV:N/AC:L/Au:N/C:P/I:N/A:P,CVSS:3.1/AV:N/AC:L/PR:N/UI:N/S:U/C:L/I:N/A:L,,,There was a commit to fix issue on 8/3/2020 but not included in stable release yet. No patch available.
registry1.dsop.io/ironbank-staging/redhat/ubi/ubi8:198768,CVE-2021-20266,Low,vulnerabilities,rhel:8,python3-rpm-4.14.3-4.el8,pkgdb,rpm,4.14.3-4.el8,None,https://access.redhat.com/security/cve/CVE-2021-20266,no_data,none,,,,,"No upstream fix is available. ""In order to exploit this flaw with rpm tooling as shipped in Red Hat Enterprise Linux, an attacker would need to already have root access to modify the rpm database."
registry1.dsop.io/ironbank-staging/redhat/ubi/ubi8:198768,CVE-2021-20271,Medium,vulnerabilities,rhel:8,python3-rpm-4.14.3-4.el8,pkgdb,rpm,4.14.3-4.el8,None,https://access.redhat.com/security/cve/CVE-2021-20271,no_data,none,,,,,"No upstream fix is available. ""To exploit this flaw, an attacker must either compromise an RPM repository or convince an administrator to install an untrusted RPM.  It is strongly recommended to only use RPMs from trusted repositories. This flaw does not affect RPM as shipped in Red Hat Enterprise Linux 6 or 7."
registry1.dsop.io/ironbank-staging/redhat/ubi/ubi8:198768,CVE-2021-3421,Medium,vulnerabilities,rhel:8,python3-rpm-4.14.3-4.el8,pkgdb,rpm,4.14.3-4.el8,None,https://access.redhat.com/security/cve/CVE-2021-3421,no_data,none,,,,,"No upstream fix is available. ""To exploit this flaw, an attacker must either compromise an RPM repository or convince an administrator to install an untrusted RPM.  It is strongly recommended to only use RPMs from trusted repositories."
registry1.dsop.io/ironbank-staging/redhat/ubi/ubi8:198768,CVE-2021-20266,Low,vulnerabilities,rhel:8,rpm-4.14.3-4.el8,pkgdb,rpm,4.14.3-4.el8,None,https://access.redhat.com/security/cve/CVE-2021-20266,no_data,none,,,,,"No upstream fix is available. ""In order to exploit this flaw with rpm tooling as shipped in Red Hat Enterprise Linux, an attacker would need to already have root access to modify the rpm database."
registry1.dsop.io/ironbank-staging/redhat/ubi/ubi8:198768,CVE-2021-20271,Medium,vulnerabilities,rhel:8,rpm-4.14.3-4.el8,pkgdb,rpm,4.14.3-4.el8,None,https://access.redhat.com/security/cve/CVE-2021-20271,no_data,none,,,,,"No upstream fix is available. ""To exploit this flaw, an attacker must either compromise an RPM repository or convince an administrator to install an untrusted RPM.  It is strongly recommended to only use RPMs from trusted repositories. This flaw does not affect RPM as shipped in Red Hat Enterprise Linux 6 or 7."
registry1.dsop.io/ironbank-staging/redhat/ubi/ubi8:198768,CVE-2021-3421,Medium,vulnerabilities,rhel:8,rpm-4.14.3-4.el8,pkgdb,rpm,4.14.3-4.el8,None,https://access.redhat.com/security/cve/CVE-2021-3421,no_data,none,,,,,"No upstream fix is available. ""To exploit this flaw, an attacker must either compromise an RPM repository or convince an administrator to install an untrusted RPM.  It is strongly recommended to only use RPMs from trusted repositories."
registry1.dsop.io/ironbank-staging/redhat/ubi/ubi8:198768,CVE-2021-20266,Low,vulnerabilities,rhel:8,rpm-build-libs-4.14.3-4.el8,pkgdb,rpm,4.14.3-4.el8,None,https://access.redhat.com/security/cve/CVE-2021-20266,no_data,none,,,,,"No upstream fix is available. ""In order to exploit this flaw with rpm tooling as shipped in Red Hat Enterprise Linux, an attacker would need to already have root access to modify the rpm database."
registry1.dsop.io/ironbank-staging/redhat/ubi/ubi8:198768,CVE-2021-20271,Medium,vulnerabilities,rhel:8,rpm-build-libs-4.14.3-4.el8,pkgdb,rpm,4.14.3-4.el8,None,https://access.redhat.com/security/cve/CVE-2021-20271,no_data,none,,,,,"No upstream fix is available. ""To exploit this flaw, an attacker must either compromise an RPM repository or convince an administrator to install an untrusted RPM.  It is strongly recommended to only use RPMs from trusted repositories. This flaw does not affect RPM as shipped in Red Hat Enterprise Linux 6 or 7."
registry1.dsop.io/ironbank-staging/redhat/ubi/ubi8:198768,CVE-2021-3421,Medium,vulnerabilities,rhel:8,rpm-build-libs-4.14.3-4.el8,pkgdb,rpm,4.14.3-4.el8,None,https://access.redhat.com/security/cve/CVE-2021-3421,no_data,none,,,,,"No upstream fix is available. ""To exploit this flaw, an attacker must either compromise an RPM repository or convince an administrator to install an untrusted RPM.  It is strongly recommended to only use RPMs from trusted repositories."
registry1.dsop.io/ironbank-staging/redhat/ubi/ubi8:198768,CVE-2021-20266,Low,vulnerabilities,rhel:8,rpm-libs-4.14.3-4.el8,pkgdb,rpm,4.14.3-4.el8,None,https://access.redhat.com/security/cve/CVE-2021-20266,no_data,none,,,,,"No upstream fix is available. ""In order to exploit this flaw with rpm tooling as shipped in Red Hat Enterprise Linux, an attacker would need to already have root access to modify the rpm database."
registry1.dsop.io/ironbank-staging/redhat/ubi/ubi8:198768,CVE-2021-20271,Medium,vulnerabilities,rhel:8,rpm-libs-4.14.3-4.el8,pkgdb,rpm,4.14.3-4.el8,None,https://access.redhat.com/security/cve/CVE-2021-20271,no_data,none,,,,,"No upstream fix is available. ""To exploit this flaw, an attacker must either compromise an RPM repository or convince an administrator to install an untrusted RPM.  It is strongly recommended to only use RPMs from trusted repositories. This flaw does not affect RPM as shipped in Red Hat Enterprise Linux 6 or 7."
registry1.dsop.io/ironbank-staging/redhat/ubi/ubi8:198768,CVE-2021-3421,Medium,vulnerabilities,rhel:8,rpm-libs-4.14.3-4.el8,pkgdb,rpm,4.14.3-4.el8,None,https://access.redhat.com/security/cve/CVE-2021-3421,no_data,none,,,,,"No upstream fix is available. ""To exploit this flaw, an attacker must either compromise an RPM repository or convince an administrator to install an untrusted RPM.  It is strongly recommended to only use RPMs from trusted repositories."
registry1.dsop.io/ironbank-staging/redhat/ubi/ubi8:198768,CVE-2020-13434,Medium,vulnerabilities,rhel:8,sqlite-libs-3.26.0-11.el8,pkgdb,rpm,3.26.0-11.el8,None,https://access.redhat.com/security/cve/CVE-2020-13434,no_data,SQLite through 3.32.0 has an integer overflow in sqlite3_str_vappendf in printf.c.,AV:L/AC:L/Au:N/C:N/I:N/A:P,CVSS:3.1/AV:L/AC:L/PR:L/UI:N/S:U/C:N/I:N/A:H,,,Patched 5/23/20 with version 3.32.1
registry1.dsop.io/ironbank-staging/redhat/ubi/ubi8:198768,CVE-2020-15358,Medium,vulnerabilities,rhel:8,sqlite-libs-3.26.0-11.el8,pkgdb,rpm,3.26.0-11.el8,None,https://access.redhat.com/security/cve/CVE-2020-15358,no_data,"In SQLite before 3.32.3, select.c mishandles query-flattener optimization, leading to a multiSelectOrderBy heap overflow because of misuse of transitive properties for constant propagation.",AV:L/AC:L/Au:N/C:N/I:N/A:P,CVSS:3.1/AV:L/AC:L/PR:L/UI:N/S:U/C:N/I:N/A:H,,,"False positive, does not affect sqlite-libs."
registry1.dsop.io/ironbank-staging/redhat/ubi/ubi8:198768,CVE-2020-13776,Medium,vulnerabilities,rhel:8,systemd-239-41.el8_3.1,pkgdb,rpm,239-41.el8_3.1,None,https://access.redhat.com/security/cve/CVE-2020-13776,no_data,"systemd through v245 mishandles numerical usernames such as ones composed of decimal digits or 0x followed by hex digits, as demonstrated by use of root privileges when privileges of the 0x0 user account were intended. NOTE: this issue exists because of an incomplete fix for CVE-2017-1000082.",AV:L/AC:H/Au:N/C:C/I:C/A:C,CVSS:3.1/AV:L/AC:H/PR:L/UI:R/S:U/C:H/I:H/A:H,,,Upstream has patched in version 246 on 6/30/2020. Redhat has not patched.
registry1.dsop.io/ironbank-staging/redhat/ubi/ubi8:198768,CVE-2020-13776,Medium,vulnerabilities,rhel:8,systemd-libs-239-41.el8_3.1,pkgdb,rpm,239-41.el8_3.1,None,https://access.redhat.com/security/cve/CVE-2020-13776,no_data,"systemd through v245 mishandles numerical usernames such as ones composed of decimal digits or 0x followed by hex digits, as demonstrated by use of root privileges when privileges of the 0x0 user account were intended. NOTE: this issue exists because of an incomplete fix for CVE-2017-1000082.",AV:L/AC:H/Au:N/C:C/I:C/A:C,CVSS:3.1/AV:L/AC:H/PR:L/UI:R/S:U/C:H/I:H/A:H,,,Upstream has patched in version 246 on 6/30/2020. Redhat has not patched.
registry1.dsop.io/ironbank-staging/redhat/ubi/ubi8:198768,CVE-2020-13776,Medium,vulnerabilities,rhel:8,systemd-pam-239-41.el8_3.1,pkgdb,rpm,239-41.el8_3.1,None,https://access.redhat.com/security/cve/CVE-2020-13776,no_data,"systemd through v245 mishandles numerical usernames such as ones composed of decimal digits or 0x followed by hex digits, as demonstrated by use of root privileges when privileges of the 0x0 user account were intended. NOTE: this issue exists because of an incomplete fix for CVE-2017-1000082.",AV:L/AC:H/Au:N/C:C/I:C/A:C,CVSS:3.1/AV:L/AC:H/PR:L/UI:R/S:U/C:H/I:H/A:H,,,Upstream has patched in version 246 on 6/30/2020. Redhat has not patched.
registry1.dsop.io/ironbank-staging/redhat/ubi/ubi8:198768,CVE-2020-26137,Medium,nvdv2,nvdv2:cves,urllib3-1.24.2,/usr/lib/python3.6/site-packages/urllib3,python,1.24.2,None,https://nvd.nist.gov/vuln/detail/CVE-2020-26137,no_data,"urllib3 before 1.25.9 allows CRLF injection if the attacker controls the HTTP request method, as demonstrated by inserting CR and LF control characters in the first argument of putrequest(). NOTE: this is similar to CVE-2020-26116.",AV:N/AC:L/Au:N/C:P/I:P/A:N,CVSS:3.1/AV:N/AC:L/PR:N/UI:N/S:U/C:L/I:L/A:N,,,Upstream patched in version 1.25.9 on 2/17/2020. RH has not patched.
registry1.dsop.io/ironbank-staging/redhat/ubi/ubi8:198768,VULNDB-115884,Medium,vulndb,vulndb:vulnerabilities,urllib3-1.24.2,/usr/lib/python3.6/site-packages/urllib3,python,1.24.2,1.24.3,"[{'source': 'Vendor Specific News/Changelog Entry', 'url': 'https://hg.python.org/cpython/raw-file/80ccce248ba2/Misc/NEWS'}, {'source': 'Vendor Specific Advisory URL', 'url': 'http://www.oracle.com/technetwork/topics/security/bulletinjul2016-3090568.html'}, {'source': 'Vendor Specific News/Changelog Entry', 'url': 'http://www-01.ibm.com/support/docview.wss?uid=isg3T1024236'}, {'source': 'Vendor Specific Advisory URL', 'url': 'https://www.suse.com/support/update/announcement/2016/suse-su-20162887-1.html'}, {'source': 'Vendor Specific Advisory URL', 'url': 'https://www.suse.com/support/update/announcement/2016/suse-su-20162653-1.html'}, {'source': 'Vendor Specific Advisory URL', 'url': 'https://www.suse.com/support/update/announcement/2016/suse-su-20162106-1.html'}, {'source': 'Vendor Specific Advisory URL', 'url': 'http://www.splunk.com/view/SP-CAAAPSR'}, {'source': 'Vendor Specific Advisory URL', 'url': 'https://www.suse.com/support/update/announcement/2016/suse-su-20162859-1.html'}, {'source': 'Vendor Specific Advisory URL', 'url': 'https://www.ubuntu.com/usn/usn-3134-1/'}, {'source': 'Vendor Specific News/Changelog Entry', 'url': 'http://www-01.ibm.com/support/docview.wss?uid=isg400003021'}, {'source': 'Vendor Specific News/Changelog Entry', 'url': 'http://www-01.ibm.com/support/docview.wss?uid=isg400003023'}, {'source': 'Vendor Specific News/Changelog Entry', 'url': 'http://www-01.ibm.com/support/docview.wss?uid=isg400003024'}, {'source': 'Vendor Specific News/Changelog Entry', 'url': 'http://www-01.ibm.com/support/docview.wss?uid=isg400003026'}, {'source': 'Vendor Specific News/Changelog Entry', 'url': 'http://www-01.ibm.com/support/docview.wss?uid=isg400003025'}, {'source': 'Vendor Specific Advisory URL', 'url': 'https://www.cloudfoundry.org/usn-3134-1/'}, {'source': 'Vendor Specific Advisory URL', 'url': 'https://pivotal.io/security/usn-3134-1'}, {'source': 'Vendor Specific News/Changelog Entry', 'url': 'http://www-01.ibm.com/support/docview.wss?uid=isg400003027'}, {'source': 'Vendor Specific News/Changelog Entry', 'url': 'http://www-01.ibm.com/support/docview.wss?uid=isg400003028'}, {'source': 'Vendor Specific Advisory URL', 'url': 'http://www.splunk.com/view/SP-CAAAPSV'}, {'source': 'Vendor Specific Advisory URL', 'url': 'http://www.splunk.com/view/SP-CAAAPUE'}, {'source': 'RedHat RHSA', 'url': 'http://rhn.redhat.com/errata/RHSA-2016-1626.html'}, {'source': 'RedHat RHSA', 'url': 'http://rhn.redhat.com/errata/RHSA-2016-1627.html'}, {'source': 'RedHat RHSA', 'url': 'http://rhn.redhat.com/errata/RHSA-2016-1628.html'}, {'source': 'RedHat RHSA', 'url': 'http://rhn.redhat.com/errata/RHSA-2016-1629.html'}, {'source': 'RedHat RHSA', 'url': 'http://rhn.redhat.com/errata/RHSA-2016-1630.html'}, {'source': 'Vendor Specific Advisory URL', 'url': 'https://www.suse.com/support/update/announcement/2016/suse-su-20162270-1.html'}, {'source': 'Vendor Specific News/Changelog Entry', 'url': 'http://www-01.ibm.com/support/docview.wss?uid=isg3T1024732'}, {'source': 'Vendor Specific News/Changelog Entry', 'url': 'http://www-01.ibm.com/support/docview.wss?uid=swg21994353'}, {'source': 'Vendor Specific Advisory URL', 'url': 'https://support.podc.sl.edst.ibm.com/support/home/docdisplay?lndocid=migr-5099557'}, {'source': 'Vendor Specific Advisory URL', 'url': 'http://www-01.ibm.com/support/docview.wss?uid=nas8N1021926'}, {'source': 'Vendor Specific News/Changelog Entry', 'url': 'http://www-01.ibm.com/support/docview.wss?uid=swg22002854'}, {'source': 'Vendor Specific Advisory URL', 'url': 'http://www-01.ibm.com/support/docview.wss?uid=swg22008901'}, {'source': 'Other Advisory URL', 'url': 'https://www.blackhat.com/docs/us-17/thursday/us-17-Tsai-A-New-Era-Of-SSRF-Exploiting-URL-Parser-In-Trending-Programming-Languages.pdf'}, {'source': 'Other Advisory URL', 'url': 'http://blog.orange.tw/2017/07/how-i-chained-4-vulnerabilities-on.html'}, {'source': 'Vendor Specific News/Changelog Entry', 'url': 'http://bugs.python.org/issue22928'}, {'source': 'Mail List Post', 'url': 'http://seclists.org/oss-sec/2016/q2/539'}, {'source': 'Mail List Post', 'url': 'http://seclists.org/oss-sec/2016/q2/542'}, {'source': 'Vendor Specific Solution URL', 'url': 'https://hg.python.org/cpython/rev/bf3e1c9b80e9'}, {'source': 'Vendor Specific Solution URL', 'url': 'https://hg.python.org/cpython/rev/1c45047c5102'}, {'source': 'Other Advisory URL', 'url': 'http://blog.blindspotsecurity.com/2016/06/advisory-http-header-injection-in.html'}, {'source': 'Mail List Post', 'url': 'http://seclists.org/oss-sec/2016/q2/559'}, {'source': 'Vendor Specific News/Changelog Entry', 'url': 'https://bugzilla.redhat.com/show_bug.cgi?id=1303699'}, {'source': 'Vendor Specific News/Changelog Entry', 'url': 'https://sourceware.org/bugzilla/show_bug.cgi?id=20018'}, {'source': 'Mail List Post', 'url': 'http://seclists.org/fulldisclosure/2016/Jun/33'}, {'source': 'CVE ID', 'url': 'http://cve.mitre.org/cgi-bin/cvename.cgi?name=2016-5699'}, {'source': 'Vendor Specific Advisory URL', 'url': 'https://support.f5.com/csp/#/article/K10420455'}, {'source': 'Bug Tracker', 'url': 'https://bugs.python.org/issue30458'}, {'source': 'Vendor Specific Advisory URL', 'url': 'https://securitydocs.business.xerox.com/wp-content/uploads/2018/08/cert_XRX18-028_FFPSv7_DvdUsb-Bulletin_Aug2018.pdf'}, {'source': 'Vendor Specific Advisory URL', 'url': 'https://securitydocs.business.xerox.com/wp-content/uploads/2018/08/cert_XRX18-029_FFPSv8_DvdUsb-Bulletin_Aug2018.pdf'}, {'source': 'Vendor Specific Advisory URL', 'url': 'https://securitydocs.business.xerox.com/wp-content/uploads/2018/08/cert_XRX18-030_FFPSv9_DvdUsb-Bulletin_Aug2018.pdf'}, {'source': 'Vendor Specific Advisory URL', 'url': 'https://securitydocs.business.xerox.com/wp-content/uploads/2018/08/cert_XRX18-035_FFPSv7_v9_UM-Bulletin_Aug2018.pdf'}, {'source': 'Vendor Specific Advisory URL', 'url': 'https://www.a10networks.com/support/security-advisories/system-vulnerabilities-no2-acos-3x-4x'}, {'source': 'Vendor Specific Advisory URL', 'url': 'https://www.a10networks.com/sites/default/files/security-advisories/System-Vulnerabilities-No2-ACOS-3x-4x.pdf'}, {'source': 'Vendor Specific Advisory URL', 'url': 'https://cert-portal.siemens.com/productcert/pdf/ssb-439005.pdf'}, {'source': 'Vendor Specific Advisory URL', 'url': 'https://www.suse.com/support/update/announcement/2019/suse-su-20190223-1/'}, {'source': 'Bug Tracker', 'url': 'https://bugs.python.org/issue35906'}, {'source': 'Vendor Specific Solution URL', 'url': 'https://github.com/python/cpython/commit/91e4c96c2a75b3da40ad36413e92f61c17b04d10'}, {'source': 'Other Advisory URL', 'url': 'https://lists.debian.org/debian-lts-announce/2019/02/msg00011.html'}, {'source': 'Other Advisory URL', 'url': 'http://www.openwall.com/lists/oss-security/2016/06/14/7'}, {'source': 'Other Advisory URL', 'url': 'http://www.openwall.com/lists/oss-security/2016/06/15/12'}, {'source': 'Other Advisory URL', 'url': 'http://www.openwall.com/lists/oss-security/2016/06/16/2'}, {'source': 'Vendor Specific News/Changelog Entry', 'url': 'https://docs.python.org/3.4/whatsnew/changelog.html#python-3-4-4'}, {'source': 'Vendor Specific News/Changelog Entry', 'url': 'https://hg.python.org/cpython/raw-file/v2.7.10/Misc/NEWS'}, {'source': 'Bugtraq ID', 'url': 'http://www.securityfocus.com/bid/91226'}, {'source': 'CVE ID', 'url': 'http://cve.mitre.org/cgi-bin/cvename.cgi?name=2019-9947'}, {'source': 'Vendor Specific News/Changelog Entry', 'url': 'https://security.netapp.com/advisory/ntap-20190404-0004/'}, {'source': 'Bug Tracker', 'url': 'https://bugs.python.org/issue36276#msg337837'}, {'source': 'Bug Tracker', 'url': 'https://github.com/urllib3/urllib3/issues/1553'}, {'source': 'CVE ID', 'url': 'http://cve.mitre.org/cgi-bin/cvename.cgi?name=2019-11236'}, {'source': 'Bug Tracker', 'url': 'https://bugs.debian.org/cgi-bin/bugreport.cgi?bug=927172'}, {'source': 'Bug Tracker', 'url': 'https://bugzilla.redhat.com/show_bug.cgi?id=1692984'}, {'source': 'Vendor Specific Solution URL', 'url': 'https://github.com/urllib3/urllib3/pull/1531'}, {'source': 'Vendor Specific Solution URL', 'url': 'https://github.com/urllib3/urllib3/commit/5d523706c7b03f947dc50a7e783758a2bfff0532'}, {'source': 'CVE ID', 'url': 'http://cve.mitre.org/cgi-bin/cvename.cgi?name=2019-9740'}, {'source': 'Bug Tracker', 'url': 'https://bugs.python.org/issue36276'}, {'source': 'Other Advisory URL', 'url': 'https://github.com/urllib3/urllib3/blob/master/CHANGES.rst'}, {'source': 'Vendor Specific Solution URL', 'url': 'https://github.com/boto/botocore/pull/1720'}, {'source': 'Vendor Specific Solution URL', 'url': 'https://github.com/boto/botocore/.commit/009cd449b5b05cc4aa06404b47ecad73c4c407f9'}, {'source': 'Vendor Specific Solution URL', 'url': 'https://github.com/boto/botocore/commit/009cd449b5b05cc4aa06404b47ecad73c4c407f9'}, {'source': 'Generic Informational URL', 'url': 'https://www.us-cert.gov/ncas/bulletins/SB19-077'}, {'source': 'Generic Informational URL', 'url': 'https://www.us-cert.gov/ncas/bulletins/SB19-084'}, {'source': 'Generic Informational URL', 'url': 'https://www.us-cert.gov/ncas/bulletins/SB19-091'}, {'source': 'Vendor Specific Solution URL', 'url': 'https://github.com/urllib3/urllib3/pull/1593'}, {'source': 'Vendor Specific News/Changelog Entry', 'url': 'https://github.com/urllib3/urllib3/releases/tag/1.24.3'}, {'source': 'Generic Informational URL', 'url': 'https://www.us-cert.gov/ncas/bulletins/SB19-112'}, {'source': 'Other Advisory URL', 'url': 'https://lists.fedoraproject.org/archives/list/package-announce@lists.fedoraproject.org/message/JXASHCDD4PQFKTMKQN4YOP5ZH366ABN4/'}, {'source': 'Bugtraq ID', 'url': 'http://www.securityfocus.com/bid/107466'}, {'source': 'Vendor Specific Solution URL', 'url': 'https://github.com/boto/botocore/pull/1735'}, {'source': 'Vendor Specific Advisory URL', 'url': 'https://usn.ubuntu.com/3990-1/'}, {'source': 'RedHat RHSA', 'url': 'http://rhn.redhat.com/errata/RHSA-2019-1260.html'}, {'source': 'Other Advisory URL', 'url': 'https://lists.fedoraproject.org/archives/list/package-announce@lists.fedoraproject.org/message/JMWSKTNOHSUOT3L25QFJAVCFYZX46FYK/'}, {'source': 'Vendor Specific Advisory URL', 'url': 'https://www.suse.com/support/update/announcement/2019/suse-su-20191352-1/'}, {'source': 'Vendor Specific Advisory URL', 'url': 'https://www.ibm.com/blogs/psirt/ibm-security-bulletin-multiple-vulnerabilities-affect-ibm-pureapplication-system/'}, {'source': 'Vendor Specific Advisory URL', 'url': 'https://www-01.ibm.com/support/docview.wss?uid=ibm10885602'}, {'source': 'Vendor Specific Solution URL', 'url': 'https://github.com/urllib3/urllib3/pull/1591'}, {'source': 'Vendor Specific Solution URL', 'url': 'https://github.com/urllib3/urllib3/commit/c147f359520cab339ec96b3ef96e471c0da261f6'}, {'source': 'Vendor Specific Solution URL', 'url': 'https://github.com/urllib3/urllib3/commit/9b76785331243689a9d52cef3db05ef7462cb02d'}, {'source': 'Vendor Specific Advisory URL', 'url': 'https://security.netapp.com/advisory/ntap-20190619-0005/'}, {'source': 'Other Advisory URL', 'url': 'https://lists.fedoraproject.org/archives/list/package-announce@lists.fedoraproject.org/message/TBI45HO533KYHNB5YRO43TBYKA3E3VRL/'}, {'source': 'Other Advisory URL', 'url': 'https://lists.fedoraproject.org/archives/list/package-announce@lists.fedoraproject.org/message/R62XGEYPUTXMRHGX5I37EBCGQ5COHGKR/'}, {'source': 'Other Advisory URL', 'url': 'https://lists.debian.org/debian-lts-announce/2019/06/msg00016.html'}, {'source': 'Other Advisory URL', 'url': 'https://lists.debian.org/debian-lts-announce/2019/06/msg00022.html'}, {'source': 'Other Advisory URL', 'url': 'https://lists.debian.org/debian-lts-announce/2019/06/msg00023.html'}, {'source': 'Other Advisory URL', 'url': 'https://lists.debian.org/debian-lts-announce/2019/06/msg00026.html'}, {'source': 'Vendor Specific News/Changelog Entry', 'url': 'https://docs.python.org/3.6/whatsnew/changelog.html#python-3-6-9-release-candidate-1'}, {'source': 'Vendor Specific News/Changelog Entry', 'url': 'https://docs.python.org/3.7/whatsnew/changelog.html#python-3-7-4-release-candidate-1'}, {'source': 'Other Advisory URL', 'url': 'https://lists.fedoraproject.org/archives/list/package-announce@lists.fedoraproject.org/message/44TS66GJMO5H3RLMVZEBGEFTB6O2LJJU/'}, {'source': 'Other Advisory URL', 'url': 'https://lists.fedoraproject.org/archives/list/package-announce@lists.fedoraproject.org/message/2ORNTF62QPLMJXIQ7KTZQ2776LMIXEKL/'}, {'source': 'Vendor Specific Advisory URL', 'url': 'https://www.suse.com/support/update/announcement/2019/suse-su-20191352-2/'}, {'source': 'Bug Tracker', 'url': 'https://bugzilla.suse.com/show_bug.cgi?id=1130840'}, {'source': 'Bug Tracker', 'url': 'https://bugzilla.suse.com/show_bug.cgi?id=1133452'}, {'source': 'Vendor Specific Advisory URL', 'url': 'https://www.oracle.com/technetwork/topics/security/bulletinjul2019-5600410.html'}, {'source': 'Vendor Specific Advisory URL', 'url': 'https://usn.ubuntu.com/3990-2/'}, {'source': 'RedHat RHSA', 'url': 'http://rhn.redhat.com/errata/RHSA-2019-2272.html'}, {'source': 'RedHat RHSA', 'url': 'http://rhn.redhat.com/errata/RHSA-2019-2030.html'}, {'source': 'Vendor Specific Advisory URL', 'url': 'https://linux.oracle.com/errata/ELSA-2019-2272.html'}, {'source': 'Vendor Specific Advisory URL', 'url': 'https://linux.oracle.com/errata/ELSA-2019-2030.html'}, {'source': 'Vendor Specific Advisory URL', 'url': 'https://www.suse.com/support/update/announcement/2019/suse-su-20192267-1/'}, {'source': 'Vendor Specific Advisory URL', 'url': 'https://www.suse.com/support/update/announcement/2019/suse-su-20192300-1/'}, {'source': 'Bug Tracker', 'url': 'https://bugzilla.suse.com/show_bug.cgi?id=1129071'}, {'source': 'Bug Tracker', 'url': 'https://bugzilla.suse.com/show_bug.cgi?id=1132663'}, {'source': 'Vendor Specific Advisory URL', 'url': 'https://www.suse.com/support/update/announcement/2019/suse-su-20192331-1/'}, {'source': 'Vendor Specific Advisory URL', 'url': 'https://www.suse.com/support/update/announcement/2019/suse-su-20192332-1/'}, {'source': 'Vendor Specific Advisory URL', 'url': 'https://usn.ubuntu.com/4127-1/'}, {'source': 'Other Advisory URL', 'url': 'https://usn.ubuntu.com/4127-2/'}, {'source': 'Vendor Specific Advisory URL', 'url': 'https://www.suse.com/support/update/announcement/2019/suse-su-20192370-1/'}, {'source': 'Mail List Post', 'url': 'http://lists.opensuse.org/opensuse-security-announce/2019-09/msg00039.html'}, {'source': 'Mail List Post', 'url': 'http://lists.opensuse.org/opensuse-security-announce/2019-09/msg00041.html'}, {'source': 'Vendor Specific Advisory URL', 'url': 'https://www.suse.com/support/update/announcement/2019/suse-su-20192391-1/'}, {'source': 'Vendor Specific Advisory URL', 'url': 'https://www.suse.com/support/update/announcement/2019/suse-su-20192399-1/'}, {'source': 'Vendor Specific Advisory URL', 'url': 'https://success.alienvault.com/s/question/0D50Z00009XXj9MSAT/alienvault-v575-threat-advisory'}, {'source': 'Vendor Specific Advisory URL', 'url': 'https://www.cloudfoundry.org/blog/usn-4127-1/'}, {'source': 'Vendor Specific Advisory URL', 'url': 'https://www.dell.com/support/security/en-us/details/536738/DSA-2019-131-Dell-EMC-VNXe3200-Family-Security-Update-for-Multiple-Third-Party-Vulnerabilities#'}, {'source': 'Vendor Specific Advisory URL', 'url': 'https://www.dell.com/support/security/en-us/details/DOC-101224/DSA-2019-036-RSA-Identity-Governance-and-Lifecycle-Security-Update-for-SUSE-Linux-Enterprise-Serv'}, {'source': 'Mail List Post', 'url': 'https://seclists.org/bugtraq/2019/Oct/29'}, {'source': 'Vendor Specific News/Changelog Entry', 'url': 'https://raw.githubusercontent.com/python/cpython/c2f86d86e6c8f5fd1ef602128b537a48f3f5c063/Misc/NEWS.d/2.7.17rc1.rst'}, {'source': 'Other Advisory URL', 'url': 'http://packetstormsecurity.com/files/154927/Slackware-Security-Advisory-python-Updates.html'}, {'source': 'Vendor Specific Advisory URL', 'url': 'https://www.suse.com/support/update/announcement/2019/suse-su-20192743-1/'}, {'source': 'CVE ID', 'url': 'http://cve.mitre.org/cgi-bin/cvename.cgi?name=2019-18348'}, {'source': 'Other Advisory URL', 'url': 'https://bugs.python.org/issue30458#msg347282'}, {'source': 'Bug Tracker', 'url': 'https://bugzilla.redhat.com/show_bug.cgi?id=1727276'}, {'source': 'Mail List Post', 'url': 'http://lists.opensuse.org/opensuse-security-announce/2019-10/msg00062.html'}, {'source': 'Mail List Post', 'url': 'http://lists.opensuse.org/opensuse-security-announce/2019-10/msg00063.html'}, {'source': 'RedHat RHSA', 'url': 'http://rhn.redhat.com/errata/RHSA-2019-3335.html'}, {'source': 'RedHat RHSA', 'url': 'http://rhn.redhat.com/errata/RHSA-2019-3590.html'}, {'source': 'RedHat RHSA', 'url': 'http://rhn.redhat.com/errata/RHSA-2019-3520.html'}, {'source': 'RedHat RHSA', 'url': 'http://rhn.redhat.com/errata/RHSA-2019-3725.html'}, {'source': 'Vendor Specific News/Changelog Entry', 'url': 'https://security.netapp.com/advisory/ntap-20191107-0004/'}, {'source': 'Other Advisory URL', 'url': 'https://lists.fedoraproject.org/archives/list/package-announce@lists.fedoraproject.org/message/M34WOYCDKTDE5KLUACE2YIEH7D37KHRX/'}, {'source': 'Other Advisory URL', 'url': 'https://lists.fedoraproject.org/archives/list/package-announce@lists.fedoraproject.org/message/JCPGLTTOBB3QEARDX4JOYURP6ELNNA2V/'}, {'source': 'Other Advisory URL', 'url': 'https://lists.fedoraproject.org/archives/list/package-announce@lists.fedoraproject.org/message/4X3HW5JRZ7GCPSR7UHJOLD7AWLTQCDVR/'}, {'source': 'Vendor Specific Advisory URL', 'url': 'https://pivotal.io/security/usn-4127-1'}, {'source': 'Vendor Specific Advisory URL', 'url': 'https://www.ibm.com/support/pages/node/1102875'}, {'source': 'ISS X-Force ID', 'url': 'https://exchange.xforce.ibmcloud.com/vulnerabilities/158830'}, {'source': 'Vendor Specific Advisory URL', 'url': 'https://pivotal.io/security/usn-3990-1'}, {'source': 'Vendor Specific Advisory URL', 'url': 'https://securitydocs.business.xerox.com/wp-content/uploads/2019/11/cert_XRX19-033_FFPSv7-S11_MediaDelivery_Nov2019.pdf'}, {'source': 'Vendor Specific Advisory URL', 'url': 'https://securitydocs.business.xerox.com/wp-content/uploads/2019/11/cert_XRX19-034_FFPSv9-S11_MediaDelivery_Nov2019.pdf'}, {'source': 'Vendor Specific Advisory URL', 'url': 'https://www.ibm.com/support/pages/node/1115655'}, {'source': 'Vendor Specific Advisory URL', 'url': 'https://www.suse.com/support/update/announcement/2019/suse-su-201914246-1/'}, {'source': 'Generic Informational URL', 'url': 'https://www.us-cert.gov/ncas/bulletins/SB19301'}, {'source': 'Vendor Specific Advisory URL', 'url': 'https://www.ibm.com/support/pages/node/1146574'}, {'source': 'Vendor Specific Advisory URL', 'url': 'https://www.ibm.com/support/pages/node/1167106'}, {'source': 'Other Advisory URL', 'url': 'https://lists.fedoraproject.org/archives/list/package-announce@lists.fedoraproject.org/message/NKGPJLVLVYCL4L4B4G5TIOTVK4BKPG72/'}, {'source': 'Vendor Specific Advisory URL', 'url': 'https://www.suse.com/support/update/announcement/2020/suse-su-20200114-1/'}, {'source': 'Bug Tracker', 'url': 'https://bugzilla.suse.com/show_bug.cgi?id=985348'}, {'source': 'Other Advisory URL', 'url': 'https://lists.fedoraproject.org/archives/list/package-announce@lists.fedoraproject.org/message/XOSA2NT4DUQDBEIWE6O7KKD24XND7TE2/'}, {'source': 'Mail List Post', 'url': 'http://lists.opensuse.org/opensuse-security-announce/2020-01/msg00040.html'}, {'source': 'Vendor Specific Advisory URL', 'url': 'https://www.ibm.com/support/pages/node/1167892'}, {'source': 'ISS X-Force ID', 'url': 'https://exchange.xforce.ibmcloud.com/vulnerabilities/158138'}, {'source': 'Vendor Specific Advisory URL', 'url': 'https://www.suse.com/support/update/announcement/2020/suse-su-20200302-1/'}, {'source': 'Vendor Specific Advisory URL', 'url': 'https://securitydocs.business.xerox.com/wp-content/uploads/2020/02/cert_XRX20-004_FFPSv7-S10_DvdUsb-Bulletin_Feb2020.pdf'}, {'source': 'Vendor Specific Advisory URL', 'url': 'https://securitydocs.business.xerox.com/wp-content/uploads/2020/02/cert_XRX20-007_FFPSv9-S10_DvdUsb-Bulletin_Feb2020.pdf'}, {'source': 'Vendor Specific Advisory URL', 'url': 'https://www.dell.com/support/security/en-us/details/DOC-110287/DSA-2020-024-RSA-NetWitness-Logs-and-Network-Security-Update-for-Multiple-Third-Party-Component-V#'}, {'source': 'Vendor Specific Advisory URL', 'url': 'https://www.ibm.com/support/pages/node/5252181'}, {'source': 'Vendor Specific Advisory URL', 'url': 'https://www.ibm.com/support/pages/node/5736825'}, {'source': 'ISS X-Force ID', 'url': 'https://exchange.xforce.ibmcloud.com/vulnerabilities/169989'}, {'source': 'Vendor Specific Advisory URL', 'url': 'https://www.ibm.com/support/pages/node/5693211'}, {'source': 'Vendor Specific Solution URL', 'url': 'https://security.gentoo.org/glsa/202003-26'}, {'source': 'RedHat RHSA', 'url': 'http://rhn.redhat.com/errata/RHSA-2020-0851.html'}, {'source': 'RedHat RHSA', 'url': 'http://rhn.redhat.com/errata/RHSA-2020-0850.html'}, {'source': 'Vendor Specific News/Changelog Entry', 'url': 'https://docs.python.org/3.7/whatsnew/changelog.html#python-3-7-7-final'}, {'source': 'Vendor Specific Advisory URL', 'url': 'https://linux.oracle.com/errata/ELSA-2020-0851.html'}, {'source': 'Vendor Specific Advisory URL', 'url': 'https://linux.oracle.com/errata/ELSA-2020-0850.html'}, {'source': 'Vendor Specific Advisory URL', 'url': 'https://www.suse.com/support/update/announcement/2020/suse-su-20200750-1/'}, {'source': 'Bug Tracker', 'url': 'https://bugzilla.suse.com/show_bug.cgi?id=1155094'}, {'source': 'RedHat RHSA', 'url': 'http://rhn.redhat.com/errata/RHSA-2020-1268.html'}, {'source': 'Vendor Specific Advisory URL', 'url': 'https://www.suse.com/support/update/announcement/2020/suse-su-20200854-1/'}, {'source': 'Bug Tracker', 'url': 'https://bugzilla.suse.com/show_bug.cgi?id=1162224'}, {'source': 'Bug Tracker', 'url': 'https://bugzilla.suse.com/show_bug.cgi?id=1165894'}, {'source': 'RedHat RHSA', 'url': 'http://rhn.redhat.com/errata/RHSA-2020-1346.html'}, {'source': 'Vendor Specific Advisory URL', 'url': 'https://www.ibm.com/support/pages/node/6173469'}, {'source': 'Vendor Specific Advisory URL', 'url': 'https://www.ibm.com/support/pages/node/6173463'}, {'source': 'RedHat RHSA', 'url': 'http://rhn.redhat.com/errata/RHSA-2020-1462.html'}, {'source': 'Vendor Specific Advisory URL', 'url': 'https://www.dell.com/support/security/en-us/details/542857/DSA-2020-105-Dell-EMC-Avamar-and-NetWorker-Security-Update-for-Multiple-Components'}, {'source': 'Vendor Specific Advisory URL', 'url': 'https://usn.ubuntu.com/4333-1/'}, {'source': 'RedHat RHSA', 'url': 'http://rhn.redhat.com/errata/RHSA-2020-1916.html'}, {'source': 'RedHat RHSA', 'url': 'http://rhn.redhat.com/errata/RHSA-2020-1605.html'}, {'source': 'Vendor Specific Advisory URL', 'url': 'https://usn.ubuntu.com/4333-2/'}, {'source': 'Vendor Specific News/Changelog Entry', 'url': 'https://docs.python.org/release/3.8.3rc1/whatsnew/changelog.html#changelog'}, {'source': 'Other Advisory URL', 'url': 'https://hackerone.com/reports/165102'}, {'source': 'Other Advisory URL', 'url': 'https://hackerone.com/reports/590020'}, {'source': 'Vendor Specific Advisory URL', 'url': 'https://www.ibm.com/support/pages/node/6206166'}, {'source': 'RedHat RHSA', 'url': 'http://rhn.redhat.com/errata/RHSA-2020-2068.html'}, {'source': 'RedHat RHSA', 'url': 'http://rhn.redhat.com/errata/RHSA-2020-2081.html'}, {'source': 'Vendor Specific Advisory URL', 'url': 'https://www.cloudfoundry.org/blog/usn-4333-1/'}, {'source': 'Vendor Specific Advisory URL', 'url': 'https://linux.oracle.com/errata/ELSA-2020-2081.html'}, {'source': 'Vendor Specific Advisory URL', 'url': 'https://linux.oracle.com/errata/ELSA-2020-2068.html'}, {'source': 'Vendor Specific Advisory URL', 'url': 'https://www.oracle.com/security-alerts/linuxbulletinapr2020.html'}, {'source': 'Vendor Specific Advisory URL', 'url': 'https://www.suse.com/support/update/announcement/2020/suse-su-20201339-1/'}, {'source': 'Mail List Post', 'url': 'http://lists.opensuse.org/opensuse-security-announce/2020-05/msg00041.html'}, {'source': 'Vendor Specific Advisory URL', 'url': 'https://www.ibm.com/support/pages/node/6217882'}, {'source': 'Vendor Specific Advisory URL', 'url': 'https://pythoninsider.blogspot.com/2020/06/python-378rc1-and-3611rc1-now-available.html'}, {'source': 'Vendor Specific Advisory URL', 'url': 'https://www.python.org/downloads/release/python-3611rc1/'}, {'source': 'Vendor Specific News/Changelog Entry', 'url': 'https://docs.python.org/3.6/whatsnew/changelog.html#python-3-6-11-release-candidate-1'}, {'source': 'Vendor Specific Advisory URL', 'url': 'https://www.suse.com/support/update/announcement/2020/suse-su-20201524-1/'}, {'source': 'Vendor Specific News/Changelog Entry', 'url': 'https://docs.python.org/release/3.6.11/whatsnew/changelog.html#changelog'}, {'source': 'Other Advisory URL', 'url': 'https://lists.fedoraproject.org/archives/list/package-announce@lists.fedoraproject.org/message/UESGYI5XDAHJBATEZN3MHNDUBDH47AS6/'}, {'source': 'Vendor Specific Advisory URL', 'url': 'https://www.dell.com/support/security/en-us/details/544836/DSA-2020-162-Dell-EMC-Cloud-Tiering-Appliance-Security-Update-for-Multiple-Third-Party-Component'}, {'source': 'Other Advisory URL', 'url': 'https://lists.fedoraproject.org/archives/list/package-announce@lists.fedoraproject.org/message/A5NSAX4SC3V64PGZUPH7PRDLSON34Q5A/'}, {'source': 'Vendor Specific Advisory URL', 'url': 'https://www.dell.com/support/security/en-us/details/545133/DSA-2020-173-Dell-EMC-Data-Protection-Central-Security-Update-for-Multiple-Third-Party-Component#'}, {'source': 'Vendor Specific Advisory URL', 'url': 'https://www.dell.com/support/security/en-us/details/545137/DSA-2020-169-Dell-EMC-Cyber-Recovery-Security-Update-for-Multiple-Third-Party-Component-Vulnerabi#'}, {'source': 'Other Advisory URL', 'url': 'https://lists.debian.org/debian-lts-announce/2020/07/msg00011.html'}, {'source': 'Vendor Specific Advisory URL', 'url': 'https://www.dell.com/support/security/en-us/details/545286/DSA-2020-180-Dell-EMC-CloudBoost-Virtual-Appliance-Security-Update-for-Multiple-Third-Party-Compo#'}, {'source': 'RedHat RHSA', 'url': 'http://rhn.redhat.com/errata/RHSA-2020-3194.html'}, {'source': 'Vendor Specific Advisory URL', 'url': 'https://www.dell.com/support/security/en-us/details/545496/DSA-2020-175-VxRail-Appliance-Security-Update-for-Multiple-Third-Party-Component-Vulnerabilities'}, {'source': 'Vendor Specific Advisory URL', 'url': 'https://www.dell.com/support/security/en-us/details/545653/DSA-2020-199-Dell-EMC-NetWorker-vProxy-Security-Update-for-SLES-Vulnerabilities'}, {'source': 'Vendor Specific Advisory URL', 'url': 'https://www.dell.com/support/security/en-us/details/545653/DSA-2020-199-Dell-EMC-NetWorker-vProxy-Security-Update-for-Multiple-Vulnerabilities#'}, {'source': 'Vendor Specific Advisory URL', 'url': 'https://www.oracle.com/security-alerts/bulletinjul2020.html'}, {'source': 'Other Advisory URL', 'url': 'https://lists.debian.org/debian-lts-announce/2020/08/msg00034.html'}, {'source': 'Other Advisory URL', 'url': 'https://github.com/aliasrobotics/RVD/issues/1493'}, {'source': 'Vendor Specific News/Changelog Entry', 'url': 'https://docs.python.org/3.5/whatsnew/changelog.html#python-3-5-10'}, {'source': 'Vendor Specific Advisory URL', 'url': 'https://www.suse.com/support/update/announcement/2020/suse-su-20202699-1/'}, {'source': 'Vendor Specific Advisory URL', 'url': 'https://www.dell.com/support/security/en-us/details/546585/DSA-2020-223-Dell-EMC-CloudBoost-virtual-appliance-Security-Update-for-Multiple-Third-Party-Compo'}, {'source': 'Vendor Specific Advisory URL', 'url': 'https://success.alienvault.com/s/question/0D53q0000A4vyOZCQY/alienvault-v585-security-advisory'}, {'source': 'Vendor Specific Advisory URL', 'url': 'https://success.alienvault.com/sfc/servlet.shepherd/document/download/0693q000008h36kAAA?operationContext=S1'}, {'source': 'Vendor Specific Advisory URL', 'url': 'https://www.ibm.com/support/pages/node/6342923'}, {'source': 'RedHat RHSA', 'url': 'http://rhn.redhat.com/errata/RHSA-2020-4285.html'}, {'source': 'RedHat RHSA', 'url': 'http://rhn.redhat.com/errata/RHSA-2020-4273.html'}, {'source': 'Vendor Specific Advisory URL', 'url': 'https://www.oracle.com/security-alerts/cpuoct2020.html#AppendixSUNS'}, {'source': 'Other Advisory URL', 'url': 'https://www.oracle.com/security-alerts/cpuoct2020.html'}, {'source': 'RedHat RHSA', 'url': 'http://rhn.redhat.com/errata/RHSA-2020-4298.html'}, {'source': 'Vendor Specific Advisory URL', 'url': 'https://downloads.avaya.com/css/P8/documents/101072035'}, {'source': 'Vendor Specific Advisory URL', 'url': 'https://www.suse.com/support/update/announcement/2020/suse-su-20203624-1/'}, {'source': 'Vendor Specific Advisory URL', 'url': 'https://www.dell.com/support/kbdoc/en-us/000181249/dsa-2020-273-dell-emc-data-protection-central-security-update-for-multiple-third-party-component-vulnerabilities'}, {'source': 'Vendor Specific Advisory URL', 'url': 'https://www.dell.com/support/kbdoc/en-us/000181139/dsa-2020-285-dell-emc-powerstore-family-security-update-for-multiple-third-party-component-vulnerabilities'}, {'source': 'Vendor Specific Advisory URL', 'url': 'https://www.suse.com/support/update/announcement/2020/suse-su-20203865-1/'}, {'source': 'Vendor Specific Advisory URL', 'url': 'https://www.suse.com/support/update/announcement/2020/suse-su-20203930-1/'}, {'source': 'Vendor Specific Advisory URL', 'url': 'https://www.dell.com/support/kbdoc/en-us/000182169/dsa-2021-012-dell-emc-secure-remote-services-virtual-edition-security-update-for-multiple-third-party-component-vulnerabilities'}, {'source': 'Vendor Specific Advisory URL', 'url': 'https://forums.opensuse.org/showthread.php/548656-openSUSE-SU-2020-2333-1-important-Security-update-for-python3'}, {'source': 'Vendor Specific Advisory URL', 'url': 'https://www.ibm.com/support/pages/node/6408856'}, {'source': 'Other Advisory URL', 'url': 'http://www.openwall.com/lists/oss-security/2021/02/04/2'}, {'source': 'Vendor Specific Advisory URL', 'url': 'https://www.dell.com/support/kbdoc/en-us/000153858/dsa-2020-169-dell-emc-cyber-recovery-security-update-for-multiple-third-party-component-vulnerabilities'}, {'source': 'Vendor Specific Advisory URL', 'url': 'https://www.suse.com/support/update/announcement/2021/suse-su-20210794-1/'}]",no_data,"Python contains a flaw in /Lib/http/client.py that may allow a remote attacker to inject CRLF sequences within a Location element of an HTTP response header, helping to facilitate cross-site scripting (XSS) and other attacks.",AV:N/AC:M/Au:N/C:N/I:P/A:N,CVSS:3.0/AV:N/AC:L/PR:N/UI:R/S:C/C:L/I:L/A:N,AV:N/AC:L/Au:N/C:N/I:P/A:N,,Upstream patched in version 1.25.9 on 2/17/2020. RH has not patched.
